{
	"IcoMoonType": "selection",
	"icons": [
		{
			"icon": {
				"paths": [
					"M512.002 0l-512.002 512h320v511.998l384 0.002v-512h320z"
				],
				"tags": [
					"arrow-up",
					"upload",
					"top"
				],
				"grid": 16
			},
			"properties": {
				"id": 288,
				"order": 1,
				"prevSize": 32,
				"code": 58889,
				"name": "arrow-up",
				"ligatures": ""
			},
			"setIdx": 0,
			"iconIdx": 288
		},
		{
			"icon": {
				"paths": [
					"M1024 512l-512-512v320h-511.998l-0.002 384h512v320z"
				],
				"tags": [
					"arrow-right",
					"right",
					"next"
				],
				"grid": 16
			},
			"properties": {
				"id": 290,
				"order": 2,
				"prevSize": 32,
				"code": 58890,
				"name": "arrow-right",
				"ligatures": ""
			},
			"setIdx": 0,
			"iconIdx": 290
		},
		{
			"icon": {
				"paths": [
					"M512 1024l512-512h-320v-511.998l-384-0.002v512h-320z"
				],
				"tags": [
					"arrow-down",
					"download",
					"bottom"
				],
				"grid": 16
			},
			"properties": {
				"id": 292,
				"order": 3,
				"prevSize": 32,
				"code": 58891,
				"name": "arrow-down",
				"ligatures": ""
			},
			"setIdx": 0,
			"iconIdx": 292
		},
		{
			"icon": {
				"paths": [
					"M0 512l512 512v-320h511.998l0.002-384h-512v-320z"
				],
				"tags": [
					"arrow-left",
					"left",
					"previous"
				],
				"grid": 16
			},
			"properties": {
				"id": 294,
				"order": 4,
				"prevSize": 32,
				"code": 58892,
				"name": "arrow-left",
				"ligatures": ""
			},
			"setIdx": 0,
			"iconIdx": 294
		},
		{
			"icon": {
				"paths": [
					"M192 128l640 384-640 384z"
				],
				"tags": [
					"play",
					"media control",
					"audio"
				],
				"grid": 16
			},
			"properties": {
				"id": 266,
				"order": 5,
				"prevSize": 32,
				"code": 58887,
				"name": "play",
				"ligatures": ""
			},
			"setIdx": 0,
			"iconIdx": 266
		},
		{
			"icon": {
				"paths": [
					"M128 128h768v768h-768z"
				],
				"tags": [
					"stop",
					"media control",
					"audio",
					"square"
				],
				"grid": 16
			},
			"properties": {
				"id": 268,
				"order": 6,
				"prevSize": 32,
				"code": 58888,
				"name": "stop",
				"ligatures": ""
			},
			"setIdx": 0,
			"iconIdx": 268
		},
		{
			"icon": {
				"paths": [
					"M1024 576v-384h-192v-64c0-35.2-28.8-64-64-64h-704c-35.2 0-64 28.8-64 64v192c0 35.2 28.8 64 64 64h704c35.2 0 64-28.8 64-64v-64h128v256h-576v128h-32c-17.674 0-32 14.326-32 32v320c0 17.674 14.326 32 32 32h128c17.674 0 32-14.326 32-32v-320c0-17.674-14.326-32-32-32h-32v-64h576zM768 192h-704v-64h704v64z"
				],
				"tags": [
					"paint-format",
					"format"
				],
				"grid": 16
			},
			"properties": {
				"id": 11,
				"order": 7,
				"prevSize": 32,
				"code": 58880,
				"name": "paint-format",
				"ligatures": ""
			},
			"setIdx": 0,
			"iconIdx": 11
		},
		{
			"icon": {
				"paths": [
					"M1014.662 822.66c-0.004-0.004-0.008-0.008-0.012-0.010l-310.644-310.65 310.644-310.65c0.004-0.004 0.008-0.006 0.012-0.010 3.344-3.346 5.762-7.254 7.312-11.416 4.246-11.376 1.824-24.682-7.324-33.83l-146.746-146.746c-9.148-9.146-22.45-11.566-33.828-7.32-4.16 1.55-8.070 3.968-11.418 7.31 0 0.004-0.004 0.006-0.008 0.010l-310.648 310.652-310.648-310.65c-0.004-0.004-0.006-0.006-0.010-0.010-3.346-3.342-7.254-5.76-11.414-7.31-11.38-4.248-24.682-1.826-33.83 7.32l-146.748 146.748c-9.148 9.148-11.568 22.452-7.322 33.828 1.552 4.16 3.97 8.072 7.312 11.416 0.004 0.002 0.006 0.006 0.010 0.010l310.65 310.648-310.65 310.652c-0.002 0.004-0.006 0.006-0.008 0.010-3.342 3.346-5.76 7.254-7.314 11.414-4.248 11.376-1.826 24.682 7.322 33.83l146.748 146.746c9.15 9.148 22.452 11.568 33.83 7.322 4.16-1.552 8.070-3.97 11.416-7.312 0.002-0.004 0.006-0.006 0.010-0.010l310.648-310.65 310.648 310.65c0.004 0.002 0.008 0.006 0.012 0.008 3.348 3.344 7.254 5.762 11.414 7.314 11.378 4.246 24.684 1.826 33.828-7.322l146.746-146.748c9.148-9.148 11.57-22.454 7.324-33.83-1.552-4.16-3.97-8.068-7.314-11.414z"
				],
				"tags": [
					"close",
					"cancel",
					"quit",
					"remove",
					"cross"
				],
				"grid": 16
			},
			"properties": {
				"id": 253,
				"order": 8,
				"prevSize": 32,
				"code": 58886,
				"name": "close",
				"ligatures": ""
			},
			"setIdx": 0,
			"iconIdx": 253
		},
		{
			"icon": {
				"paths": [
					"M964.73 178.804c-93.902-109.45-233.21-178.804-388.73-178.804-282.77 0-512 229.23-512 512s229.23 512 512 512c155.52 0 294.828-69.356 388.728-178.804l-324.728-333.196 324.73-333.196zM704 120.602c39.432 0 71.398 31.964 71.398 71.398 0 39.432-31.966 71.398-71.398 71.398s-71.398-31.966-71.398-71.398c0-39.432 31.966-71.398 71.398-71.398z"
				],
				"tags": [
					"pacman",
					"game",
					"arcade"
				],
				"grid": 16
			},
			"properties": {
				"id": 22,
				"order": 9,
				"prevSize": 32,
				"code": 58881,
				"name": "pacman",
				"ligatures": ""
			},
			"setIdx": 0,
			"iconIdx": 22
		},
		{
			"icon": {
				"paths": [
					"M512 0c-176.732 0-320 143.268-320 320 0 320 320 704 320 704s320-384 320-704c0-176.732-143.27-320-320-320zM512 516c-108.248 0-196-87.752-196-196s87.752-196 196-196 196 87.752 196 196-87.752 196-196 196zM388 320c0-68.483 55.517-124 124-124s124 55.517 124 124c0 68.483-55.517 124-124 124-68.483 0-124-55.517-124-124z"
				],
				"tags": [
					"location",
					"map",
					"marker",
					"pin"
				],
				"grid": 16
			},
			"properties": {
				"id": 67,
				"order": 10,
				"prevSize": 32,
				"code": 58882,
				"name": "location",
				"ligatures": ""
			},
			"setIdx": 0,
			"iconIdx": 67
		},
		{
			"icon": {
				"paths": [
					"M192 1024h640l64-704h-768zM640 128v-128h-256v128h-320v192l64-64h768l64 64v-192h-320zM576 128h-128v-64h128v64z"
				],
				"tags": [
					"remove",
					"delete",
					"trashcan",
					"recycle bin",
					"bin",
					"dispose"
				],
				"grid": 16
			},
			"properties": {
				"id": 167,
				"order": 11,
				"prevSize": 32,
				"code": 58883,
				"name": "remove",
				"ligatures": ""
			},
			"setIdx": 0,
			"iconIdx": 167
		},
		{
			"icon": {
				"paths": [
					"M512 0c-282.77 0-512 229.23-512 512s229.23 512 512 512 512-229.23 512-512-229.23-512-512-512zM768 346.51l-165.488 165.49 165.488 165.488v90.512h-90.512l-165.488-165.488-165.49 165.488h-90.51v-90.512l165.49-165.488-165.49-165.49v-90.51h90.51l165.49 165.49 165.488-165.49h90.512v90.51z"
				],
				"tags": [
					"cancel-circle",
					"close",
					"remove",
					"delete"
				],
				"grid": 16
			},
			"properties": {
				"id": 250,
				"order": 12,
				"prevSize": 32,
				"code": 58885,
				"name": "cancel-circle",
				"ligatures": ""
			},
			"setIdx": 0,
			"iconIdx": 250
		},
		{
			"icon": {
				"paths": [
					"M448 704h128v128h-128zM704 256c35.346 0 64 28.654 64 64v192l-192 128h-128v-64l192-128v-64h-320v-128h384zM512 96c-111.118 0-215.584 43.272-294.156 121.844s-121.844 183.038-121.844 294.156c0 111.118 43.272 215.584 121.844 294.156 78.572 78.572 183.038 121.844 294.156 121.844 111.118 0 215.584-43.272 294.156-121.844 78.572-78.572 121.844-183.038 121.844-294.156 0-111.118-43.272-215.584-121.844-294.156-78.572-78.572-183.038-121.844-294.156-121.844zM512 0v0c282.77 0 512 229.23 512 512s-229.23 512-512 512c-282.77 0-512-229.23-512-512 0-282.77 229.23-512 512-512z"
				],
				"tags": [
					"question",
					"help",
					"support"
				],
				"grid": 16
			},
			"properties": {
				"id": 246,
				"order": 13,
				"prevSize": 32,
				"code": 58884,
				"name": "question",
				"ligatures": ""
			},
			"setIdx": 0,
			"iconIdx": 246
		}
	],
	"height": 1024,
	"metadata": {
		"name": "icomoon"
	},
	"preferences": {
		"fontPref": {
			"prefix": "icon-",
			"metadata": {
				"fontFamily": "icomoon"
			},
			"showGlyphs": true,
			"metrics": {
				"emSize": 512,
				"baseline": 6.25,
				"whitespace": 50
			},
			"resetPoint": 58880,
			"showQuickUse": true,
			"quickUsageToken": false,
			"showMetrics": true,
			"showMetadata": false
		},
		"imagePref": {
			"color": 0,
			"height": 32,
			"columns": 16,
			"margin": 16,
			"png": false,
			"sprites": true
		},
		"historySize": 100,
		"showCodes": true,
		"gridSize": 16,
		"showLiga": false,
		"showGrid": true,
		"showGlyphs": true,
		"showQuickUse": true,
		"search": ""
	}
}